"Seiten mit kurzem Text zwischen den ""title""-Tags",Seiten
"Seiten mit langem Text zwischen den ""title""-Tags",Seiten
"Seiten ohne ""title""-Tags"
"Seiten mit irrelevantem Text zwischen den ""title""-Tags",Seiten
"Seiten mit doppelten ""title""-Tags",Seiten
Greenliff: Events,http://www.greenliff.ch/company/events.php | http://www.greenliff.ch/company/past_events.php
Greenliff: Contact,http://www.greenliff.ch/company/contact.php | http://www.greenliff.ch/company/location.php | http://www.greenliff.ch/contact/location.php
Greenliff: Software testing is our core competence,http://www.greenliff.ch/ | http://www.greenliff.ch/impressum.php
Greenliff: Please send me more information,http://www.greenliff.ch/courses/more_information.php?infos=CertifiedTester | http://www.greenliff.ch/portfolio/more_information.php?infos=TestEngineering | http://www.greenliff.ch/products/more_information.php?infos=Fast
Seiten mit kurzen Metabeschreibungen,Seiten
Seiten mit langen Metabeschreibungen,Seiten
Seiten mit doppelten Metabeschreibungen,Seiten
Our software- testing services are measure-tailored. Our offering includes testing services customiz,http://www.greenliff.ch/portfolio/index.php | http://www.greenliff.ch/portfolio/test_consultancy.php
Greenliff is an independent Engineering and Service company focused on software testing and quality ,http://www.greenliff.ch/ | http://www.greenliff.ch/company/contact.php | http://www.greenliff.ch/company/events.php | http://www.greenliff.ch/company/jobs.php | http://www.greenliff.ch/company/location.php | http://www.greenliff.ch/company/past_events.php | http://www.greenliff.ch/company/request.php | http://www.greenliff.ch/contact/location.php | http://www.greenliff.ch/courses/background_information.php | http://www.greenliff.ch/courses/conditions.php | http://www.greenliff.ch/courses/course_structure.php | http://www.greenliff.ch/courses/foundation_level.php | http://www.greenliff.ch/courses/functional_tester.php | http://www.greenliff.ch/courses/index.php | http://www.greenliff.ch/courses/more_information.php?infos=CertifiedTester | http://www.greenliff.ch/courses/technical_tester.php | http://www.greenliff.ch/courses/test_manager.php | http://www.greenliff.ch/courses/upcoming_courses.php | http://www.greenliff.ch/customers/ | http://www.greenliff.ch/partners/ | http://www.greenliff.ch/portfolio/financial_application_testing.php | http://www.greenliff.ch/portfolio/managed_testing_services.php | http://www.greenliff.ch/portfolio/mobile_application_testing.php | http://www.greenliff.ch/portfolio/more_information.php?infos=TestEngineering | http://www.greenliff.ch/portfolio/performance_testing.php | http://www.greenliff.ch/portfolio/software_test_outsourcing.php | http://www.greenliff.ch/portfolio/test_automation.php | http://www.greenliff.ch/portfolio/test_engineering.php | http://www.greenliff.ch/products/ | http://www.greenliff.ch/trends_in_testing/
Bilder
Seiten mit anderen nicht inidizierbaren Dateiformaten
