Keyword,Häufigkeit,Varianten gefunden,Häufigste URLs
test,831,"test, testing, tests, tested",[http://www.greenliff.ch/docs/FAST_White_Paper_v_11.pdf:http://www.greenliff.ch/docs/Greenliff_Fast_White_Paper_v.2.1.pdf:http://www.greenliff.ch/docs/EN_flyer_manager.pdf:http://www.greenliff.ch/company/past_events.php:http://www.greenliff.ch/docs/Greenliff_STD2012-Flyer.pdf:http://www.greenliff.ch/courses/test_manager.php:http://www.greenliff.ch/docs/ProTester-Jan04-Linz-et-al.pdf:http://www.greenliff.ch/portfolio/index.php:http://www.greenliff.ch/docs/DE_flyer_6seitig.pdf:http://www.greenliff.ch/courses/foundation_level.php]
greenliff,362,"greenliff, greenliff's",[http://www.greenliff.ch/company/past_events.php:http://www.greenliff.ch/courses/conditions.php:http://www.greenliff.ch/docs/IstqbABsLogo.pdf:http://www.greenliff.ch/docs/FAST_White_Paper_v_11.pdf:http://www.greenliff.ch/company/jobs.php:http://www.greenliff.ch/company/jobs/manual_tester.php:http://www.greenliff.ch/company/jobs/test_engineer.php:http://www.greenliff.ch/docs/061102_Medienmitteilung.pdf:http://www.greenliff.ch/docs/110927_TrendsinTestingZuerich.pdf:http://www.greenliff.ch/company/contact.php]
tester,210,"tester, testers",[http://www.greenliff.ch/docs/DE_flyer_6seitig.pdf:http://www.greenliff.ch/courses/functional_tester.php:http://www.greenliff.ch/docs/DE_flyer_technical.pdf:http://www.greenliff.ch/docs/EN_flyer_functional.pdf:http://www.greenliff.ch/courses/technical_tester.php:http://www.greenliff.ch/docs/DE_flyer_functional.pdf:http://www.greenliff.ch/courses/test_manager.php:http://www.greenliff.ch/docs/EN_flyer_manager.pdf:http://www.greenliff.ch/courses/index.php:http://www.greenliff.ch/docs/DE_flyer_manager.pdf]
istqb,194,"istqb, istqb's",[http://www.greenliff.ch/docs/ProTester-Jan04-Linz-et-al.pdf:http://www.greenliff.ch/docs/DE_flyer_6seitig.pdf:http://www.greenliff.ch/courses/background_information.php:http://www.greenliff.ch/courses/index.php:http://www.greenliff.ch/courses/technical_tester.php:http://www.greenliff.ch/courses/test_manager.php:http://www.greenliff.ch/docs/061102_Medienmitteilung.pdf:http://www.greenliff.ch/docs/DE_flyer_functional.pdf:http://www.greenliff.ch/docs/DE_flyer_technical.pdf:http://www.greenliff.ch/docs/EN_flyer_functional.pdf]
software,171,"software, software's",[http://www.greenliff.ch/docs/FAST_White_Paper_v_11.pdf:http://www.greenliff.ch/docs/ProTester-Jan04-Linz-et-al.pdf:http://www.greenliff.ch/company/past_events.php:http://www.greenliff.ch/docs/Greenliff_Fast_White_Paper_v.2.1.pdf:http://www.greenliff.ch/docs/061102_Medienmitteilung.pdf:http://www.greenliff.ch/products/sotograph.php:http://www.greenliff.ch/docs/EN_flyer_manager.pdf:http://www.greenliff.ch/:http://www.greenliff.ch/courses/test_manager.php:http://www.greenliff.ch/courses/foundation_level.php]
level,147,"level, levels, leveln",[http://www.greenliff.ch/docs/DE_flyer_6seitig.pdf:http://www.greenliff.ch/courses/course_structure.php:http://www.greenliff.ch/docs/ProTester-Jan04-Linz-et-al.pdf:http://www.greenliff.ch/docs/EN_flyer_functional.pdf:http://www.greenliff.ch/courses/functional_tester.php:http://www.greenliff.ch/courses/technical_tester.php:http://www.greenliff.ch/docs/DE_flyer_functional.pdf:http://www.greenliff.ch/docs/DE_flyer_technical.pdf:http://www.greenliff.ch/docs/EN_flyer_manager.pdf:http://www.greenliff.ch/courses/test_manager.php]
certified,132,"certified, certification, certifi",[http://www.greenliff.ch/courses/functional_tester.php:http://www.greenliff.ch/courses/technical_tester.php:http://www.greenliff.ch/courses/test_manager.php:http://www.greenliff.ch/docs/EN_flyer_functional.pdf:http://www.greenliff.ch/docs/EN_flyer_manager.pdf:http://www.greenliff.ch/courses/course_structure.php:http://www.greenliff.ch/courses/index.php:http://www.greenliff.ch/courses/foundation_level.php:http://www.greenliff.ch/docs/ProTester-Jan04-Linz-et-al.pdf:http://www.greenliff.ch/docs/EN_flyer_foundation.pdf]
automated,109,"automated, automation, automate",[http://www.greenliff.ch/docs/FAST_White_Paper_v_11.pdf:http://www.greenliff.ch/docs/Greenliff_Fast_White_Paper_v.2.1.pdf:http://www.greenliff.ch/portfolio/test_automation.php:http://www.greenliff.ch/company/past_events.php:http://www.greenliff.ch/company/jobs/automation.php:http://www.greenliff.ch/docs/Greenliff_Job_Automation_Engineer.pdf:http://www.greenliff.ch/partners/:http://www.greenliff.ch/portfolio/index.php:http://www.greenliff.ch/portfolio/more_information.php?infos=TestEngineering:http://www.greenliff.ch/portfolio/managed_testing_services.php]
courses,85,"courses, course",[http://www.greenliff.ch/courses/index.php:http://www.greenliff.ch/courses/course_structure.php:http://www.greenliff.ch/courses/foundation_level.php:http://www.greenliff.ch/courses/background_information.php:http://www.greenliff.ch/courses/functional_tester.php:http://www.greenliff.ch/courses/technical_tester.php:http://www.greenliff.ch/courses/test_manager.php:http://www.greenliff.ch/courses/upcoming_courses.php:http://www.greenliff.ch/courses/conditions.php:http://www.greenliff.ch/courses/more_information.php?infos=CertifiedTester]
company,72,"company, companies, company's",[http://www.greenliff.ch/courses/test_manager.php:http://www.greenliff.ch/docs/FAST_White_Paper_v_11.pdf:http://www.greenliff.ch/company/past_events.php:http://www.greenliff.ch/company/request.php:http://www.greenliff.ch/docs/EN_flyer_manager.pdf:http://www.greenliff.ch/company/jobs.php:http://www.greenliff.ch/company/jobs/manual_tester.php:http://www.greenliff.ch/company/jobs/test_engineer.php:http://www.greenliff.ch/courses/upcoming_courses.php:http://www.greenliff.ch/partners/]
certified,69,certified,[http://www.greenliff.ch/docs/DE_flyer_6seitig.pdf:http://www.greenliff.ch/docs/061102_Medienmitteilung.pdf:http://www.greenliff.ch/docs/DE_flyer_functional.pdf:http://www.greenliff.ch/docs/DE_flyer_manager.pdf:http://www.greenliff.ch/docs/DE_flyer_technical.pdf:http://www.greenliff.ch/docs/DE_flyer_foundation.pdf:http://www.greenliff.ch/courses/conditions.php:http://www.greenliff.ch/impressum.php:http://www.greenliff.ch/trends_in_testing/:http://www.greenliff.ch/trends_in_testing/sign-in.php]
seminar,64,"seminar, seminare, seminaren, seminars",[http://www.greenliff.ch/docs/DE_flyer_6seitig.pdf:http://www.greenliff.ch/courses/test_manager.php:http://www.greenliff.ch/docs/EN_flyer_manager.pdf:http://www.greenliff.ch/courses/functional_tester.php:http://www.greenliff.ch/docs/DE_flyer_manager.pdf:http://www.greenliff.ch/docs/EN_flyer_functional.pdf:http://www.greenliff.ch/courses/foundation_level.php:http://www.greenliff.ch/courses/technical_tester.php:http://www.greenliff.ch/docs/EN_flyer_foundation.pdf:http://www.greenliff.ch/docs/DE_flyer_functional.pdf]
application,63,"application, applications",[http://www.greenliff.ch/docs/FAST_White_Paper_v_11.pdf:http://www.greenliff.ch/docs/Greenliff_Fast_White_Paper_v.2.1.pdf:http://www.greenliff.ch/portfolio/mobile_application_testing.php:http://www.greenliff.ch/portfolio/financial_application_testing.php:http://www.greenliff.ch/portfolio/index.php:http://www.greenliff.ch/portfolio/more_information.php?infos=TestEngineering:http://www.greenliff.ch/docs/20110503_EN_ManualTester_TestAnalyst.pdf:http://www.greenliff.ch/products/sotograph.php:http://www.greenliff.ch/portfolio/managed_testing_services.php:http://www.greenliff.ch/portfolio/performance_testing.php]
job,59,"job, jobs",[http://www.greenliff.ch/docs/FAST_White_Paper_v_11.pdf:http://www.greenliff.ch/docs/Greenliff_Fast_White_Paper_v.2.1.pdf:http://www.greenliff.ch/company/jobs.php:http://www.greenliff.ch/company/jobs/automation.php:http://www.greenliff.ch/company/jobs/manual_tester.php:http://www.greenliff.ch/company/jobs/test_engineer.php:http://www.greenliff.ch/company/contact.php:http://www.greenliff.ch/company/events.php:http://www.greenliff.ch/company/location.php:http://www.greenliff.ch/company/request.php]
foundation,56,foundation,[http://www.greenliff.ch/docs/DE_flyer_6seitig.pdf:http://www.greenliff.ch/docs/ProTester-Jan04-Linz-et-al.pdf:http://www.greenliff.ch/courses/course_structure.php:http://www.greenliff.ch/docs/EN_flyer_foundation.pdf:http://www.greenliff.ch/courses/foundation_level.php:http://www.greenliff.ch/docs/DE_flyer_foundation.pdf:http://www.greenliff.ch/docs/061102_Medienmitteilung.pdf:http://www.greenliff.ch/docs/DE_flyer_functional.pdf:http://www.greenliff.ch/docs/DE_flyer_manager.pdf:http://www.greenliff.ch/docs/DE_flyer_technical.pdf]
script,54,"script, scripts, scripting",[http://www.greenliff.ch/docs/FAST_White_Paper_v_11.pdf:http://www.greenliff.ch/docs/Greenliff_Fast_White_Paper_v.2.1.pdf]
system,53,"system, systems",[http://www.greenliff.ch/docs/FAST_White_Paper_v_11.pdf:http://www.greenliff.ch/docs/Greenliff_Fast_White_Paper_v.2.1.pdf:http://www.greenliff.ch/company/past_events.php:http://www.greenliff.ch/portfolio/performance_testing.php:http://www.greenliff.ch/products/sotograph.php:http://www.greenliff.ch/portfolio/test_consultancy.php]
work,48,"work, working",[http://www.greenliff.ch/docs/ProTester-Jan04-Linz-et-al.pdf:http://www.greenliff.ch/docs/20110503_EN_ManualTester_TestAnalyst.pdf:http://www.greenliff.ch/company/jobs.php:http://www.greenliff.ch/company/jobs/manual_tester.php:http://www.greenliff.ch/company/jobs/test_engineer.php:http://www.greenliff.ch/courses/functional_tester.php:http://www.greenliff.ch/courses/technical_tester.php:http://www.greenliff.ch/docs/EN_flyer_functional.pdf:http://www.greenliff.ch/docs/Greenliff_Job_Automation_Engineer.pdf:http://www.greenliff.ch/docs/Greenliff_Job_Web_Application_Engineer.pdf]
process,47,"process, processes",[http://www.greenliff.ch/courses/test_manager.php:http://www.greenliff.ch/docs/EN_flyer_manager.pdf:http://www.greenliff.ch/docs/ProTester-Jan04-Linz-et-al.pdf:http://www.greenliff.ch/docs/Greenliff_Fast_White_Paper_v.2.1.pdf:http://www.greenliff.ch/courses/foundation_level.php:http://www.greenliff.ch/docs/EN_flyer_foundation.pdf:http://www.greenliff.ch/docs/Greenliff_Job_Telco_Tester.pdf]
iseb,46,"iseb, iseb's",[http://www.greenliff.ch/docs/ProTester-Jan04-Linz-et-al.pdf]
tools,44,"tools, tool",[http://www.greenliff.ch/docs/Greenliff_Fast_White_Paper_v.2.1.pdf:http://www.greenliff.ch/docs/FAST_White_Paper_v_11.pdf:http://www.greenliff.ch/courses/technical_tester.php:http://www.greenliff.ch/courses/foundation_level.php:http://www.greenliff.ch/docs/EN_flyer_foundation.pdf:http://www.greenliff.ch/portfolio/index.php:http://www.greenliff.ch/products/:http://www.greenliff.ch/company/jobs/test_engineer.php:http://www.greenliff.ch/portfolio/test_consultancy.php:http://www.greenliff.ch/portfolio/test_engineering.php]
training,44,"training, trained",[http://www.greenliff.ch/docs/ProTester-Jan04-Linz-et-al.pdf:http://www.greenliff.ch/courses/index.php:http://www.greenliff.ch/courses/background_information.php:http://www.greenliff.ch/courses/upcoming_courses.php:http://www.greenliff.ch/courses/foundation_level.php:http://www.greenliff.ch/courses/more_information.php?infos=CertifiedTester]
zürich,41,zürich,[http://www.greenliff.ch/docs/110927_TrendsinTestingZuerich.pdf:http://www.greenliff.ch/docs/061102_Medienmitteilung.pdf:http://www.greenliff.ch/docs/Greenliff_STD2012-Flyer.pdf:http://www.greenliff.ch/courses/conditions.php:http://www.greenliff.ch/impressum.php:http://www.greenliff.ch/trends_in_testing/agenda.php:http://www.greenliff.ch/trends_in_testing/sign-in.php:http://www.greenliff.ch/company/jobs/automation.php:http://www.greenliff.ch/company/jobs/manual_tester.php:http://www.greenliff.ch/company/jobs/test_engineer.php]
engine,40,"engine, engines",[http://www.greenliff.ch/docs/FAST_White_Paper_v_11.pdf:http://www.greenliff.ch/docs/Greenliff_Fast_White_Paper_v.2.1.pdf]
examination,38,"examination, examinations",[http://www.greenliff.ch/docs/ProTester-Jan04-Linz-et-al.pdf:http://www.greenliff.ch/courses/test_manager.php:http://www.greenliff.ch/courses/functional_tester.php:http://www.greenliff.ch/courses/technical_tester.php:http://www.greenliff.ch/docs/EN_flyer_functional.pdf:http://www.greenliff.ch/courses/foundation_level.php:http://www.greenliff.ch/docs/EN_flyer_foundation.pdf:http://www.greenliff.ch/docs/EN_flyer_manager.pdf]
execution,35,"execution, execute, executed, executing",[http://www.greenliff.ch/docs/Greenliff_Fast_White_Paper_v.2.1.pdf:http://www.greenliff.ch/docs/FAST_White_Paper_v_11.pdf:http://www.greenliff.ch/company/jobs/automation.php:http://www.greenliff.ch/docs/20110503_EN_ManualTester_TestAnalyst.pdf:http://www.greenliff.ch/docs/Greenliff_Job_Automation_Engineer.pdf:http://www.greenliff.ch/docs/Greenliff_Job_Performance_Consultant.pdf:http://www.greenliff.ch/docs/Greenliff_Job_Telco_Tester.pdf:http://www.greenliff.ch/docs/Greenliff_Job_Web_Application_Engineer.pdf:http://www.greenliff.ch/products/]
techniques,34,"techniques, technique",[http://www.greenliff.ch/courses/functional_tester.php:http://www.greenliff.ch/docs/EN_flyer_functional.pdf:http://www.greenliff.ch/courses/technical_tester.php:http://www.greenliff.ch/courses/foundation_level.php:http://www.greenliff.ch/docs/EN_flyer_foundation.pdf:http://www.greenliff.ch/courses/course_structure.php]
customers,33,customers,[http://www.greenliff.ch/customers/:http://www.greenliff.ch/:http://www.greenliff.ch/company/jobs/manual_tester.php:http://www.greenliff.ch/company/jobs/test_engineer.php:http://www.greenliff.ch/courses/index.php:http://www.greenliff.ch/docs/20110503_EN_ManualTester_TestAnalyst.pdf:http://www.greenliff.ch/portfolio/managed_testing_services.php:http://www.greenliff.ch/portfolio/mobile_application_testing.php:http://www.greenliff.ch/portfolio/more_information.php?infos=TestEngineering:http://www.greenliff.ch/portfolio/performance_testing.php]
data,32,data,[http://www.greenliff.ch/docs/FAST_White_Paper_v_11.pdf:http://www.greenliff.ch/docs/Greenliff_Fast_White_Paper_v.2.1.pdf:http://www.greenliff.ch/courses/technical_tester.php]
portfolio,32,portfolio,[http://www.greenliff.ch/portfolio/index.php:http://www.greenliff.ch/portfolio/financial_application_testing.php:http://www.greenliff.ch/portfolio/managed_testing_services.php:http://www.greenliff.ch/portfolio/mobile_application_testing.php:http://www.greenliff.ch/portfolio/more_information.php?infos=TestEngineering:http://www.greenliff.ch/portfolio/performance_testing.php:http://www.greenliff.ch/portfolio/software_test_outsourcing.php:http://www.greenliff.ch/portfolio/test_automation.php:http://www.greenliff.ch/portfolio/test_consultancy.php:http://www.greenliff.ch/portfolio/test_engineering.php]
advanced,31,advanced,[http://www.greenliff.ch/docs/DE_flyer_6seitig.pdf:http://www.greenliff.ch/docs/DE_flyer_functional.pdf:http://www.greenliff.ch/docs/DE_flyer_technical.pdf:http://www.greenliff.ch/docs/DE_flyer_manager.pdf]
email,30,email,[http://www.greenliff.ch/company/contact.php:http://www.greenliff.ch/company/jobs.php:http://www.greenliff.ch/company/jobs/automation.php:http://www.greenliff.ch/company/jobs/manual_tester.php:http://www.greenliff.ch/company/jobs/test_engineer.php:http://www.greenliff.ch/portfolio/managed_testing_services.php:http://www.greenliff.ch/portfolio/mobile_application_testing.php:http://www.greenliff.ch/portfolio/more_information.php?infos=TestEngineering:http://www.greenliff.ch/portfolio/performance_testing.php:http://www.greenliff.ch/portfolio/software_test_outsourcing.php]
board,29,"board, boards",[http://www.greenliff.ch/docs/ProTester-Jan04-Linz-et-al.pdf:http://www.greenliff.ch/courses/background_information.php:http://www.greenliff.ch/docs/DE_flyer_6seitig.pdf:http://www.greenliff.ch/docs/061102_Medienmitteilung.pdf]
engineering,28,"engineering, engineer, engineers",[http://www.greenliff.ch/:http://www.greenliff.ch/company/jobs/automation.php:http://www.greenliff.ch/company/jobs/test_engineer.php:http://www.greenliff.ch/portfolio/index.php:http://www.greenliff.ch/portfolio/test_engineering.php:http://www.greenliff.ch/company/jobs.php:http://www.greenliff.ch/portfolio/financial_application_testing.php:http://www.greenliff.ch/portfolio/more_information.php?infos=TestEngineering:http://www.greenliff.ch/portfolio/managed_testing_services.php:http://www.greenliff.ch/portfolio/mobile_application_testing.php]
events,27,"events, event",[http://www.greenliff.ch/company/events.php:http://www.greenliff.ch/company/past_events.php:http://www.greenliff.ch/:http://www.greenliff.ch/company/contact.php:http://www.greenliff.ch/company/jobs.php:http://www.greenliff.ch/company/jobs/automation.php:http://www.greenliff.ch/company/jobs/manual_tester.php:http://www.greenliff.ch/company/jobs/test_engineer.php:http://www.greenliff.ch/company/location.php:http://www.greenliff.ch/company/request.php]
phone,26,"phone, phones",[http://www.greenliff.ch/company/contact.php:http://www.greenliff.ch/docs/110927_TrendsinTestingZuerich.pdf:http://www.greenliff.ch/portfolio/mobile_application_testing.php:http://www.greenliff.ch/company/request.php:http://www.greenliff.ch/courses/more_information.php?infos=CertifiedTester:http://www.greenliff.ch/impressum.php:http://www.greenliff.ch/portfolio/more_information.php?infos=TestEngineering:http://www.greenliff.ch/products/:http://www.greenliff.ch/products/more_information.php?infos=Fast:http://www.greenliff.ch/contact/location.php]
schulung,26,"schulung, schulungen",[http://www.greenliff.ch/courses/conditions.php:http://www.greenliff.ch/docs/IstqbABsLogo.pdf]
performance,25,performance,[http://www.greenliff.ch/docs/20110420_GE_TestEngineerPerformance.pdf:http://www.greenliff.ch/docs/Greenliff_Job_Performance_Consultant.pdf:http://www.greenliff.ch/portfolio/performance_testing.php:http://www.greenliff.ch/docs/DE_flyer_technical.pdf:http://www.greenliff.ch/portfolio/index.php:http://www.greenliff.ch/portfolio/more_information.php?infos=TestEngineering]
products,25,"products, product",[http://www.greenliff.ch/products/:http://www.greenliff.ch/company/jobs/automation.php:http://www.greenliff.ch/portfolio/index.php:http://www.greenliff.ch/portfolio/test_automation.php:http://www.greenliff.ch/portfolio/test_consultancy.php:http://www.greenliff.ch/products/more_information.php?infos=Fast:http://www.greenliff.ch/products/sotograph.php:http://www.greenliff.ch/customers/:http://www.greenliff.ch/impressum.php:http://www.greenliff.ch/portfolio/more_information.php?infos=TestEngineering]
review,25,"review, reviews",[http://www.greenliff.ch/docs/EN_flyer_functional.pdf:http://www.greenliff.ch/courses/functional_tester.php:http://www.greenliff.ch/docs/DE_flyer_functional.pdf]
technoparkstrasse,25,technoparkstrasse,[http://www.greenliff.ch/docs/Greenliff_how_to_get_here.pdf:http://www.greenliff.ch/company/contact.php:http://www.greenliff.ch/company/jobs/automation.php:http://www.greenliff.ch/company/jobs/manual_tester.php:http://www.greenliff.ch/company/jobs/test_engineer.php:http://www.greenliff.ch/company/location.php:http://www.greenliff.ch/company/request.php:http://www.greenliff.ch/contact/location.php:http://www.greenliff.ch/courses/more_information.php?infos=CertifiedTester:http://www.greenliff.ch/portfolio/more_information.php?infos=TestEngineering]
zurich,25,zurich,[http://www.greenliff.ch/company/past_events.php:http://www.greenliff.ch/docs/Greenliff_how_to_get_here.pdf]
framework,24,"framework, frameworks",[http://www.greenliff.ch/docs/FAST_White_Paper_v_11.pdf:http://www.greenliff.ch/docs/Greenliff_Fast_White_Paper_v.2.1.pdf:http://www.greenliff.ch/partners/:http://www.greenliff.ch/portfolio/test_automation.php]
sub,24,sub,[http://www.greenliff.ch/docs/FAST_White_Paper_v_11.pdf:http://www.greenliff.ch/docs/Greenliff_Fast_White_Paper_v.2.1.pdf]
swiss,23,swiss,[http://www.greenliff.ch/company/past_events.php:http://www.greenliff.ch/customers/]
techniken,23,techniken,[http://www.greenliff.ch/docs/DE_flyer_6seitig.pdf:http://www.greenliff.ch/docs/DE_flyer_technical.pdf:http://www.greenliff.ch/docs/DE_flyer_functional.pdf:http://www.greenliff.ch/docs/DE_flyer_foundation.pdf]
copyright,22,copyright,[http://www.greenliff.ch/portfolio/managed_testing_services.php:http://www.greenliff.ch/portfolio/mobile_application_testing.php:http://www.greenliff.ch/portfolio/more_information.php?infos=TestEngineering:http://www.greenliff.ch/portfolio/performance_testing.php:http://www.greenliff.ch/portfolio/software_test_outsourcing.php:http://www.greenliff.ch/portfolio/test_automation.php:http://www.greenliff.ch/portfolio/test_consultancy.php:http://www.greenliff.ch/portfolio/test_engineering.php:http://www.greenliff.ch/products/:http://www.greenliff.ch/products/more_information.php?infos=Fast]
environment,22,"environment, environments",[http://www.greenliff.ch/docs/Greenliff_Fast_White_Paper_v.2.1.pdf:http://www.greenliff.ch/docs/FAST_White_Paper_v_11.pdf:http://www.greenliff.ch/docs/20110503_EN_ManualTester_TestAnalyst.pdf:http://www.greenliff.ch/portfolio/test_engineering.php]
exam,22,"exam, exams",[http://www.greenliff.ch/docs/EN_flyer_functional.pdf:http://www.greenliff.ch/courses/course_structure.php:http://www.greenliff.ch/courses/functional_tester.php:http://www.greenliff.ch/courses/technical_tester.php:http://www.greenliff.ch/docs/EN_flyer_manager.pdf:http://www.greenliff.ch/courses/test_manager.php:http://www.greenliff.ch/courses/upcoming_courses.php:http://www.greenliff.ch/docs/EN_flyer_foundation.pdf]
nonstop,22,nonstop,[http://www.greenliff.ch/docs/Greenliff_STD2012-Flyer.pdf:http://www.greenliff.ch/trends_in_testing/:http://www.greenliff.ch/trends_in_testing/agenda.php]
syllabuses,22,syllabuses,[http://www.greenliff.ch/docs/ProTester-Jan04-Linz-et-al.pdf]
certificate,21,"certificate, certificates",[http://www.greenliff.ch/docs/ProTester-Jan04-Linz-et-al.pdf:http://www.greenliff.ch/courses/foundation_level.php:http://www.greenliff.ch/docs/EN_flyer_foundation.pdf]
prüfung,21,"prüfung, prüfungen, prüfungs",[http://www.greenliff.ch/docs/DE_flyer_6seitig.pdf:http://www.greenliff.ch/docs/061102_Medienmitteilung.pdf:http://www.greenliff.ch/docs/DE_flyer_functional.pdf:http://www.greenliff.ch/docs/DE_flyer_technical.pdf]
regression,21,regression,[http://www.greenliff.ch/docs/FAST_White_Paper_v_11.pdf:http://www.greenliff.ch/docs/Greenliff_Fast_White_Paper_v.2.1.pdf]
teilnehmer,21,"teilnehmer, teilnehmern, teilnehmers",[http://www.greenliff.ch/courses/conditions.php:http://www.greenliff.ch/docs/IstqbABsLogo.pdf]
international,20,"international, internationally",[http://www.greenliff.ch/docs/ProTester-Jan04-Linz-et-al.pdf:http://www.greenliff.ch/courses/background_information.php:http://www.greenliff.ch/courses/course_structure.php]
management,20,"management, managing",[http://www.greenliff.ch/courses/test_manager.php:http://www.greenliff.ch/docs/EN_flyer_manager.pdf:http://www.greenliff.ch/courses/course_structure.php]
accreditation,19,"accreditation, accredited, accredit",[http://www.greenliff.ch/docs/ProTester-Jan04-Linz-et-al.pdf:http://www.greenliff.ch/courses/background_information.php:http://www.greenliff.ch/courses/index.php]
experience,19,"experience, experiences",[http://www.greenliff.ch/company/past_events.php:http://www.greenliff.ch/docs/Greenliff_Job_Telco_Tester.pdf:http://www.greenliff.ch/company/jobs/automation.php:http://www.greenliff.ch/docs/20110503_EN_ManualTester_TestAnalyst.pdf:http://www.greenliff.ch/docs/Greenliff_Job_Automation_Engineer.pdf:http://www.greenliff.ch/docs/Greenliff_Job_Performance_Consultant.pdf:http://www.greenliff.ch/docs/Greenliff_Job_Web_Application_Engineer.pdf:http://www.greenliff.ch/portfolio/financial_application_testing.php]
fax,19,fax,[http://www.greenliff.ch/company/contact.php:http://www.greenliff.ch/partners/:http://www.greenliff.ch/portfolio/financial_application_testing.php:http://www.greenliff.ch/portfolio/managed_testing_services.php:http://www.greenliff.ch/portfolio/mobile_application_testing.php:http://www.greenliff.ch/portfolio/more_information.php?infos=TestEngineering:http://www.greenliff.ch/portfolio/performance_testing.php:http://www.greenliff.ch/portfolio/software_test_outsourcing.php:http://www.greenliff.ch/portfolio/test_automation.php:http://www.greenliff.ch/portfolio/test_engineering.php]
softwaretests,19,"softwaretests, softwaretest",[http://www.greenliff.ch/docs/DE_flyer_6seitig.pdf:http://www.greenliff.ch/docs/DE_flyer_manager.pdf:http://www.greenliff.ch/docs/DE_flyer_foundation.pdf:http://www.greenliff.ch/docs/20120713_GE_SoftwareEngineer.pdf]
switzerland,19,switzerland,[http://www.greenliff.ch/company/contact.php:http://www.greenliff.ch/company/jobs/automation.php:http://www.greenliff.ch/company/jobs/manual_tester.php:http://www.greenliff.ch/company/jobs/test_engineer.php:http://www.greenliff.ch/courses/index.php:http://www.greenliff.ch/impressum.php:http://www.greenliff.ch/company/location.php:http://www.greenliff.ch/company/request.php:http://www.greenliff.ch/contact/location.php:http://www.greenliff.ch/courses/more_information.php?infos=CertifiedTester]
syllabus,19,"syllabus, syllabi",[http://www.greenliff.ch/docs/ProTester-Jan04-Linz-et-al.pdf:http://www.greenliff.ch/courses/background_information.php]
testautomatisierung,19,testautomatisierung,[http://www.greenliff.ch/docs/110927_TrendsinTestingZuerich.pdf]
quality,18,quality,[http://www.greenliff.ch/company/past_events.php:http://www.greenliff.ch/:http://www.greenliff.ch/products/sotograph.php]
mobile,17,mobile,[http://www.greenliff.ch/portfolio/mobile_application_testing.php:http://www.greenliff.ch/company/past_events.php:http://www.greenliff.ch/portfolio/index.php:http://www.greenliff.ch/portfolio/more_information.php?infos=TestEngineering]
agile,16,"agile, agilen, agiler",[http://www.greenliff.ch/docs/Greenliff_STD2012-Flyer.pdf:http://www.greenliff.ch/trends_in_testing/agenda.php:http://www.greenliff.ch/trends_in_testing/:http://www.greenliff.ch/docs/20120713_GE_SoftwareEngineer.pdf]
conference,16,"conference, conferences",[http://www.greenliff.ch/company/past_events.php]
consultancy,16,consultancy,[http://www.greenliff.ch/portfolio/index.php:http://www.greenliff.ch/portfolio/test_consultancy.php:http://www.greenliff.ch/portfolio/more_information.php?infos=TestEngineering:http://www.greenliff.ch/portfolio/financial_application_testing.php:http://www.greenliff.ch/portfolio/managed_testing_services.php:http://www.greenliff.ch/portfolio/mobile_application_testing.php:http://www.greenliff.ch/portfolio/performance_testing.php:http://www.greenliff.ch/portfolio/software_test_outsourcing.php:http://www.greenliff.ch/portfolio/test_automation.php:http://www.greenliff.ch/portfolio/test_engineering.php]
design,16,"design, designs, designing",[http://www.greenliff.ch/courses/test_manager.php:http://www.greenliff.ch/docs/EN_flyer_manager.pdf:http://www.greenliff.ch/courses/functional_tester.php:http://www.greenliff.ch/docs/EN_flyer_functional.pdf:http://www.greenliff.ch/docs/Greenliff_Job_Performance_Consultant.pdf:http://www.greenliff.ch/impressum.php:http://www.greenliff.ch/portfolio/software_test_outsourcing.php:http://www.greenliff.ch/portfolio/test_engineering.php]
wrapper,16,wrapper,[http://www.greenliff.ch/docs/FAST_White_Paper_v_11.pdf:http://www.greenliff.ch/docs/Greenliff_Fast_White_Paper_v.2.1.pdf]
code,15,"code, codes",[http://www.greenliff.ch/docs/FAST_White_Paper_v_11.pdf:http://www.greenliff.ch/courses/functional_tester.php:http://www.greenliff.ch/docs/EN_flyer_functional.pdf:http://www.greenliff.ch/courses/course_structure.php:http://www.greenliff.ch/products/sotograph.php]
countries,15,"countries, country",[http://www.greenliff.ch/docs/ProTester-Jan04-Linz-et-al.pdf]
financial,15,financial,[http://www.greenliff.ch/portfolio/financial_application_testing.php:http://www.greenliff.ch/portfolio/index.php:http://www.greenliff.ch/portfolio/more_information.php?infos=TestEngineering:http://www.greenliff.ch/portfolio/managed_testing_services.php:http://www.greenliff.ch/portfolio/mobile_application_testing.php:http://www.greenliff.ch/portfolio/performance_testing.php:http://www.greenliff.ch/portfolio/software_test_outsourcing.php:http://www.greenliff.ch/portfolio/test_automation.php:http://www.greenliff.ch/portfolio/test_engineering.php]
imbus,15,imbus,[http://www.greenliff.ch/docs/Greenliff_STD2012-Flyer.pdf:http://www.greenliff.ch/docs/061102_Medienmitteilung.pdf:http://www.greenliff.ch/docs/110927_TrendsinTestingZuerich.pdf]
knowledge,15,knowledge,[http://www.greenliff.ch/docs/EN_flyer_foundation.pdf:http://www.greenliff.ch/company/jobs/test_engineer.php:http://www.greenliff.ch/courses/foundation_level.php:http://www.greenliff.ch/docs/Greenliff_Job_Telco_Tester.pdf:http://www.greenliff.ch/docs/Greenliff_Job_Performance_Consultant.pdf]
providers,15,"providers, provider's",[http://www.greenliff.ch/docs/ProTester-Jan04-Linz-et-al.pdf]
structure,15,"structure, structural",[http://www.greenliff.ch/products/sotograph.php:http://www.greenliff.ch/courses/course_structure.php:http://www.greenliff.ch/courses/technical_tester.php:http://www.greenliff.ch/courses/index.php:http://www.greenliff.ch/courses/more_information.php?infos=CertifiedTester]
technical,15,technical,[http://www.greenliff.ch/docs/DE_flyer_6seitig.pdf:http://www.greenliff.ch/docs/DE_flyer_technical.pdf:http://www.greenliff.ch/courses/technical_tester.php:http://www.greenliff.ch/courses/course_structure.php]
trends,15,trends,[http://www.greenliff.ch/docs/Greenliff_STD2012-Flyer.pdf:http://www.greenliff.ch/trends_in_testing/:http://www.greenliff.ch/docs/110927_TrendsinTestingZuerich.pdf:http://www.greenliff.ch/trends_in_testing/agenda.php]
impressum,14,impressum,[http://www.greenliff.ch/contact/location.php:http://www.greenliff.ch/courses/more_information.php?infos=CertifiedTester:http://www.greenliff.ch/customers/:http://www.greenliff.ch/partners/:http://www.greenliff.ch/portfolio/financial_application_testing.php:http://www.greenliff.ch/portfolio/managed_testing_services.php:http://www.greenliff.ch/portfolio/more_information.php?infos=TestEngineering:http://www.greenliff.ch/portfolio/software_test_outsourcing.php:http://www.greenliff.ch/portfolio/test_automation.php:http://www.greenliff.ch/products/more_information.php?infos=Fast]
kurse,14,"kurse, kurs, kurses, kursen",[http://www.greenliff.ch/docs/DE_flyer_6seitig.pdf:http://www.greenliff.ch/docs/061102_Medienmitteilung.pdf:http://www.greenliff.ch/docs/DE_flyer_foundation.pdf]
national,14,"national, nation",[http://www.greenliff.ch/docs/ProTester-Jan04-Linz-et-al.pdf:http://www.greenliff.ch/courses/background_information.php]
partners,14,partners,[http://www.greenliff.ch/partners/:http://www.greenliff.ch/company/location.php:http://www.greenliff.ch/company/request.php:http://www.greenliff.ch/contact/location.php:http://www.greenliff.ch/courses/more_information.php?infos=CertifiedTester:http://www.greenliff.ch/customers/:http://www.greenliff.ch/impressum.php:http://www.greenliff.ch/portfolio/more_information.php?infos=TestEngineering:http://www.greenliff.ch/products/more_information.php?infos=Fast:http://www.greenliff.ch/trends_in_testing/sign-in.php]
project,14,"project, projects",[http://www.greenliff.ch/docs/EN_flyer_manager.pdf:http://www.greenliff.ch/courses/functional_tester.php:http://www.greenliff.ch/courses/test_manager.php:http://www.greenliff.ch/company/jobs/manual_tester.php:http://www.greenliff.ch/company/jobs/test_engineer.php]
reporting,14,reporting,[http://www.greenliff.ch/docs/FAST_White_Paper_v_11.pdf:http://www.greenliff.ch/docs/Greenliff_Fast_White_Paper_v.2.1.pdf]
schriftliche,14,"schriftliche, schriftlich, schriftlichen",[http://www.greenliff.ch/courses/conditions.php:http://www.greenliff.ch/docs/IstqbABsLogo.pdf]
testwerkzeugen,14,"testwerkzeugen, testwerkzeuge",[http://www.greenliff.ch/docs/DE_flyer_6seitig.pdf:http://www.greenliff.ch/docs/DE_flyer_technical.pdf:http://www.greenliff.ch/docs/DE_flyer_foundation.pdf]
akkreditierten,13,"akkreditierten, akkreditierung, akkreditiert, akkreditierter",[http://www.greenliff.ch/docs/DE_flyer_6seitig.pdf:http://www.greenliff.ch/docs/061102_Medienmitteilung.pdf:http://www.greenliff.ch/docs/DE_flyer_foundation.pdf]
analysis,13,"analysis, analyses",[http://www.greenliff.ch/products/sotograph.php:http://www.greenliff.ch/courses/functional_tester.php:http://www.greenliff.ch/courses/technical_tester.php:http://www.greenliff.ch/docs/EN_flyer_functional.pdf:http://www.greenliff.ch/company/jobs/manual_tester.php:http://www.greenliff.ch/company/jobs/test_engineer.php:http://www.greenliff.ch/docs/20110503_EN_ManualTester_TestAnalyst.pdf:http://www.greenliff.ch/docs/Greenliff_Job_Performance_Consultant.pdf]
asqf,13,"asqf, asqf's",[http://www.greenliff.ch/docs/ProTester-Jan04-Linz-et-al.pdf]
erfahrung,13,erfahrung,[http://www.greenliff.ch/docs/20120713_GE_SoftwareEngineer.pdf:http://www.greenliff.ch/docs/110927_TrendsinTestingZuerich.pdf:http://www.greenliff.ch/docs/20110420_GE_TestEngineerPerformance.pdf:http://www.greenliff.ch/docs/20110503_GE_SoftwareEngineerInTest.pdf]
managers,13,"managers, manager",[http://www.greenliff.ch/docs/EN_flyer_manager.pdf:http://www.greenliff.ch/courses/test_manager.php:http://www.greenliff.ch/docs/DE_flyer_manager.pdf]
testprozess,13,"testprozess, testprozesses",[http://www.greenliff.ch/docs/DE_flyer_6seitig.pdf:http://www.greenliff.ch/docs/DE_flyer_manager.pdf:http://www.greenliff.ch/docs/DE_flyer_foundation.pdf]
xml,13,xml,[http://www.greenliff.ch/docs/FAST_White_Paper_v_11.pdf:http://www.greenliff.ch/docs/Greenliff_Fast_White_Paper_v.2.1.pdf]
öffentlich,13,öffentlich,[http://www.greenliff.ch/courses/conditions.php:http://www.greenliff.ch/docs/IstqbABsLogo.pdf]
components,12,"components, component",[http://www.greenliff.ch/docs/FAST_White_Paper_v_11.pdf:http://www.greenliff.ch/company/jobs/automation.php:http://www.greenliff.ch/docs/Greenliff_Job_Automation_Engineer.pdf:http://www.greenliff.ch/portfolio/performance_testing.php:http://www.greenliff.ch/docs/Greenliff_Job_Web_Application_Engineer.pdf]
experts,12,experts,[http://www.greenliff.ch/docs/110927_TrendsinTestingZuerich.pdf:http://www.greenliff.ch/docs/Greenliff_STD2012-Flyer.pdf:http://www.greenliff.ch/trends_in_testing/agenda.php:http://www.greenliff.ch/portfolio/test_engineering.php]
functional,12,functional,[http://www.greenliff.ch/docs/EN_flyer_functional.pdf:http://www.greenliff.ch/courses/functional_tester.php:http://www.greenliff.ch/courses/course_structure.php]
participants,12,participants,[http://www.greenliff.ch/courses/test_manager.php:http://www.greenliff.ch/docs/EN_flyer_manager.pdf:http://www.greenliff.ch/courses/technical_tester.php]
present,12,"present, presents, presented",[http://www.greenliff.ch/company/past_events.php:http://www.greenliff.ch/courses/functional_tester.php:http://www.greenliff.ch/docs/EN_flyer_functional.pdf]
ausgeschriebenen,11,"ausgeschriebenen, ausgeschriebene",[http://www.greenliff.ch/courses/conditions.php:http://www.greenliff.ch/docs/IstqbABsLogo.pdf]
integrated,11,"integrated, integration, integrate, integrating",[http://www.greenliff.ch/docs/Greenliff_Fast_White_Paper_v.2.1.pdf:http://www.greenliff.ch/products/]
meet,11,meet,[http://www.greenliff.ch/docs/110927_TrendsinTestingZuerich.pdf:http://www.greenliff.ch/docs/Greenliff_STD2012-Flyer.pdf:http://www.greenliff.ch/trends_in_testing/agenda.php]
optional,11,optional,[http://www.greenliff.ch/company/jobs/automation.php:http://www.greenliff.ch/docs/Greenliff_Job_Automation_Engineer.pdf:http://www.greenliff.ch/docs/Greenliff_Job_Web_Application_Engineer.pdf:http://www.greenliff.ch/docs/Greenliff_Job_Performance_Consultant.pdf]
parties,11,"parties, party",[http://www.greenliff.ch/docs/ProTester-Jan04-Linz-et-al.pdf]
php,11,php,[http://www.greenliff.ch/company/events.php:http://www.greenliff.ch/company/location.php:http://www.greenliff.ch/company/request.php:http://www.greenliff.ch/contact/location.php:http://www.greenliff.ch/courses/more_information.php?infos=CertifiedTester:http://www.greenliff.ch/customers/:http://www.greenliff.ch/impressum.php:http://www.greenliff.ch/portfolio/more_information.php?infos=TestEngineering:http://www.greenliff.ch/products/more_information.php?infos=Fast:http://www.greenliff.ch/trends_in_testing/sign-in.php]
projekten,11,"projekten, projekte",[http://www.greenliff.ch/docs/Greenliff_STD2012-Flyer.pdf:http://www.greenliff.ch/docs/20110420_GE_TestEngineerPerformance.pdf:http://www.greenliff.ch/docs/20110503_GE_SoftwareEngineerInTest.pdf:http://www.greenliff.ch/docs/20120713_GE_SoftwareEngineer.pdf:http://www.greenliff.ch/trends_in_testing/agenda.php]
prüfungsteilnahme,11,prüfungsteilnahme,[http://www.greenliff.ch/docs/DE_flyer_6seitig.pdf:http://www.greenliff.ch/docs/DE_flyer_functional.pdf:http://www.greenliff.ch/docs/DE_flyer_technical.pdf]
team,11,team,[http://www.greenliff.ch/company/jobs/automation.php:http://www.greenliff.ch/docs/Greenliff_Job_Automation_Engineer.pdf:http://www.greenliff.ch/docs/Greenliff_Job_Web_Application_Engineer.pdf:http://www.greenliff.ch/company/jobs.php]
chf,10,chf,[http://www.greenliff.ch/courses/upcoming_courses.php:http://www.greenliff.ch/docs/DE_flyer_technical.pdf:http://www.greenliff.ch/docs/EN_flyer_foundation.pdf:http://www.greenliff.ch/docs/EN_flyer_functional.pdf:http://www.greenliff.ch/docs/EN_flyer_manager.pdf]
fees,10,"fees, fee",[http://www.greenliff.ch/courses/upcoming_courses.php:http://www.greenliff.ch/courses/foundation_level.php:http://www.greenliff.ch/courses/technical_tester.php:http://www.greenliff.ch/docs/EN_flyer_foundation.pdf]
functional,10,functional,[http://www.greenliff.ch/docs/DE_flyer_6seitig.pdf:http://www.greenliff.ch/docs/DE_flyer_functional.pdf]
offices,10,"offices, office",[http://www.greenliff.ch/:http://www.greenliff.ch/company/jobs/manual_tester.php:http://www.greenliff.ch/company/jobs/test_engineer.php:http://www.greenliff.ch/company/contact.php:http://www.greenliff.ch/company/events.php:http://www.greenliff.ch/company/location.php:http://www.greenliff.ch/company/request.php]
qualifications,10,qualifications,[http://www.greenliff.ch/docs/ProTester-Jan04-Linz-et-al.pdf:http://www.greenliff.ch/courses/background_information.php]
source,10,"source, sources",[http://www.greenliff.ch/docs/FAST_White_Paper_v_11.pdf:http://www.greenliff.ch/products/]
upcoming,10,upcoming,[http://www.greenliff.ch/courses/upcoming_courses.php:http://www.greenliff.ch/courses/index.php:http://www.greenliff.ch/company/contact.php:http://www.greenliff.ch/company/events.php:http://www.greenliff.ch/company/location.php:http://www.greenliff.ch/company/request.php:http://www.greenliff.ch/courses/more_information.php?infos=CertifiedTester]
vorbereitung,10,vorbereitung,[http://www.greenliff.ch/docs/DE_flyer_6seitig.pdf:http://www.greenliff.ch/docs/DE_flyer_functional.pdf]
zertifizierung,10,"zertifizierung, zertifizierungs",[http://www.greenliff.ch/docs/DE_flyer_6seitig.pdf:http://www.greenliff.ch/docs/DE_flyer_foundation.pdf]
agil,9,agil,[http://www.greenliff.ch/docs/Greenliff_STD2012-Flyer.pdf:http://www.greenliff.ch/trends_in_testing/agenda.php:http://www.greenliff.ch/trends_in_testing/]
body,9,"body, bodies",[http://www.greenliff.ch/docs/ProTester-Jan04-Linz-et-al.pdf]
dashed,9,dashed,[http://www.greenliff.ch/docs/Greenliff_how_to_get_here.pdf]
database,9,"database, databases",[http://www.greenliff.ch/docs/FAST_White_Paper_v_11.pdf:http://www.greenliff.ch/docs/Greenliff_Job_Automation_Engineer.pdf:http://www.greenliff.ch/docs/Greenliff_Job_Performance_Consultant.pdf:http://www.greenliff.ch/docs/Greenliff_Job_Telco_Tester.pdf:http://www.greenliff.ch/docs/Greenliff_Job_Web_Application_Engineer.pdf]
manual,9,manual,[http://www.greenliff.ch/docs/20110503_EN_ManualTester_TestAnalyst.pdf:http://www.greenliff.ch/company/jobs/manual_tester.php]
schulungsunterlagen,9,schulungsunterlagen,[http://www.greenliff.ch/courses/conditions.php:http://www.greenliff.ch/docs/IstqbABsLogo.pdf]
standard,9,"standard, standards",[http://www.greenliff.ch/docs/ProTester-Jan04-Linz-et-al.pdf]
ablegen,8,"ablegen, abzulegen",[http://www.greenliff.ch/docs/DE_flyer_6seitig.pdf:http://www.greenliff.ch/docs/DE_flyer_foundation.pdf:http://www.greenliff.ch/docs/DE_flyer_functional.pdf]
android,8,android,[http://www.greenliff.ch/company/past_events.php]
core,8,core,[http://www.greenliff.ch/company/jobs/automation.php:http://www.greenliff.ch/docs/Greenliff_Job_Automation_Engineer.pdf:http://www.greenliff.ch/docs/Greenliff_Job_Web_Application_Engineer.pdf:http://www.greenliff.ch/impressum.php:http://www.greenliff.ch/portfolio/managed_testing_services.php]
datenträger,8,"datenträger, datenträgern",[http://www.greenliff.ch/courses/conditions.php:http://www.greenliff.ch/docs/IstqbABsLogo.pdf]
durchführung,8,durchführung,[http://www.greenliff.ch/courses/conditions.php:http://www.greenliff.ch/docs/IstqbABsLogo.pdf]
imbus,8,imbus,[http://www.greenliff.ch/courses/background_information.php:http://www.greenliff.ch/partners/:http://www.greenliff.ch/courses/index.php]
march,8,march,[http://www.greenliff.ch/company/past_events.php]
models,8,"models, model",[http://www.greenliff.ch/courses/test_manager.php:http://www.greenliff.ch/docs/EN_flyer_manager.pdf]
monitor,8,"monitor, monitoring, monitored",[http://www.greenliff.ch/docs/Greenliff_Fast_White_Paper_v.2.1.pdf]
recht,8,recht,[http://www.greenliff.ch/courses/conditions.php:http://www.greenliff.ch/docs/IstqbABsLogo.pdf]
talk,8,"talk, talked, talks",[http://www.greenliff.ch/company/past_events.php]
technoparkstrasse,8,technoparkstrasse,[http://www.greenliff.ch/docs/110927_TrendsinTestingZuerich.pdf:http://www.greenliff.ch/impressum.php]
teilnahmegebühr,8,"teilnahmegebühr, teilnahmegebühren",[http://www.greenliff.ch/courses/conditions.php:http://www.greenliff.ch/docs/IstqbABsLogo.pdf]
testbench,8,testbench,[http://www.greenliff.ch/docs/Greenliff_STD2012-Flyer.pdf:http://www.greenliff.ch/trends_in_testing/agenda.php]
trainings,8,trainings,[http://www.greenliff.ch/courses/upcoming_courses.php:http://www.greenliff.ch/docs/061102_Medienmitteilung.pdf]
veranstaltung,8,"veranstaltung, veranstaltungs",[http://www.greenliff.ch/docs/IstqbABsLogo.pdf:http://www.greenliff.ch/trends_in_testing/:http://www.greenliff.ch/trends_in_testing/agenda.php]
accepted,7,"accepted, acceptance",[http://www.greenliff.ch/courses/background_information.php:http://www.greenliff.ch/:http://www.greenliff.ch/courses/index.php:http://www.greenliff.ch/docs/20110503_EN_ManualTester_TestAnalyst.pdf:http://www.greenliff.ch/docs/Greenliff_Job_Telco_Tester.pdf:http://www.greenliff.ch/portfolio/test_consultancy.php]
additionally,7,additionally,[http://www.greenliff.ch/company/jobs/automation.php:http://www.greenliff.ch/company/jobs/manual_tester.php:http://www.greenliff.ch/company/jobs/test_engineer.php:http://www.greenliff.ch/courses/index.php:http://www.greenliff.ch/docs/Greenliff_Job_Automation_Engineer.pdf:http://www.greenliff.ch/docs/Greenliff_Job_Web_Application_Engineer.pdf:http://www.greenliff.ch/portfolio/test_consultancy.php]
analyst,7,analyst,[http://www.greenliff.ch/courses/course_structure.php:http://www.greenliff.ch/docs/20110503_EN_ManualTester_TestAnalyst.pdf:http://www.greenliff.ch/company/jobs.php]
anmeldebestätigung,7,anmeldebestätigung,[http://www.greenliff.ch/courses/conditions.php:http://www.greenliff.ch/docs/IstqbABsLogo.pdf]
anspruchsvollen,7,"anspruchsvollen, anspruchsvoll, anspruchsvolle",[http://www.greenliff.ch/docs/Greenliff_STD2012-Flyer.pdf:http://www.greenliff.ch/trends_in_testing/agenda.php:http://www.greenliff.ch/docs/20110420_GE_TestEngineerPerformance.pdf:http://www.greenliff.ch/docs/20110503_GE_SoftwareEngineerInTest.pdf:http://www.greenliff.ch/docs/20120713_GE_SoftwareEngineer.pdf]
carrying,7,"carrying, carried",[http://www.greenliff.ch/courses/foundation_level.php:http://www.greenliff.ch/docs/EN_flyer_foundation.pdf:http://www.greenliff.ch/products/sotograph.php]
curriculum,7,curriculum,[http://www.greenliff.ch/docs/Greenliff_Job_Automation_Engineer.pdf:http://www.greenliff.ch/docs/Greenliff_Job_Telco_Tester.pdf:http://www.greenliff.ch/docs/Greenliff_Job_Web_Application_Engineer.pdf:http://www.greenliff.ch/docs/Greenliff_Job_Performance_Consultant.pdf]
documents,7,"documents, documentation",[http://www.greenliff.ch/courses/functional_tester.php:http://www.greenliff.ch/docs/EN_flyer_functional.pdf:http://www.greenliff.ch/portfolio/test_consultancy.php]
german,7,"german, germany's",[http://www.greenliff.ch/courses/background_information.php:http://www.greenliff.ch/courses/index.php:http://www.greenliff.ch/partners/]
methoden,7,"methoden, methode",[http://www.greenliff.ch/docs/110927_TrendsinTestingZuerich.pdf:http://www.greenliff.ch/docs/20120713_GE_SoftwareEngineer.pdf:http://www.greenliff.ch/docs/DE_flyer_manager.pdf]
systemtest,7,"systemtest, systemtests",[http://www.greenliff.ch/docs/Greenliff_STD2012-Flyer.pdf:http://www.greenliff.ch/trends_in_testing/agenda.php]
technopark,7,technopark,[http://www.greenliff.ch/docs/061102_Medienmitteilung.pdf:http://www.greenliff.ch/docs/Greenliff_how_to_get_here.pdf]
testmanagement,7,"testmanagement, testmanagements",[http://www.greenliff.ch/docs/DE_flyer_manager.pdf:http://www.greenliff.ch/docs/Greenliff_STD2012-Flyer.pdf]
url,7,url,[http://www.greenliff.ch/company/contact.php:http://www.greenliff.ch/company/events.php:http://www.greenliff.ch/company/location.php:http://www.greenliff.ch/company/request.php:http://www.greenliff.ch/contact/location.php:http://www.greenliff.ch/courses/more_information.php?infos=CertifiedTester:http://www.greenliff.ch/products/more_information.php?infos=Fast]
zertifizierungsprüfung,7,"zertifizierungsprüfung, zertifizierungsprüfungen",[http://www.greenliff.ch/docs/DE_flyer_6seitig.pdf]
absagen,6,"absagen, absage",[http://www.greenliff.ch/courses/conditions.php:http://www.greenliff.ch/docs/IstqbABsLogo.pdf]
abweichungen,6,abweichungen,[http://www.greenliff.ch/courses/conditions.php:http://www.greenliff.ch/docs/IstqbABsLogo.pdf]
clients,6,"clients, client's",[http://www.greenliff.ch/docs/Greenliff_Job_Performance_Consultant.pdf:http://www.greenliff.ch/docs/Greenliff_Job_Telco_Tester.pdf:http://www.greenliff.ch/docs/Greenliff_Job_Automation_Engineer.pdf:http://www.greenliff.ch/docs/Greenliff_Job_Web_Application_Engineer.pdf]
distributed,6,distributed,[http://www.greenliff.ch/company/jobs/automation.php:http://www.greenliff.ch/docs/Greenliff_Job_Automation_Engineer.pdf:http://www.greenliff.ch/docs/Greenliff_Job_Web_Application_Engineer.pdf]
driven,6,driven,[http://www.greenliff.ch/docs/Greenliff_Fast_White_Paper_v.2.1.pdf]
dynamic,6,dynamic,[http://www.greenliff.ch/courses/course_structure.php:http://www.greenliff.ch/courses/technical_tester.php:http://www.greenliff.ch/docs/20110503_EN_ManualTester_TestAnalyst.pdf]
education,6,education,[http://www.greenliff.ch/company/jobs/manual_tester.php:http://www.greenliff.ch/company/jobs/test_engineer.php:http://www.greenliff.ch/docs/20110503_EN_ManualTester_TestAnalyst.pdf]
efficient,6,"efficient, efficiently",[http://www.greenliff.ch/courses/foundation_level.php:http://www.greenliff.ch/docs/EN_flyer_foundation.pdf:http://www.greenliff.ch/portfolio/test_automation.php]
engineer,6,engineer,[http://www.greenliff.ch/docs/20110420_GE_TestEngineerPerformance.pdf:http://www.greenliff.ch/docs/20110503_GE_SoftwareEngineerInTest.pdf:http://www.greenliff.ch/docs/20120713_GE_SoftwareEngineer.pdf]
file,6,"file, files",[http://www.greenliff.ch/docs/FAST_White_Paper_v_11.pdf]
ggf,6,ggf,[http://www.greenliff.ch/courses/conditions.php:http://www.greenliff.ch/docs/IstqbABsLogo.pdf]
intensive,6,intensive,[http://www.greenliff.ch/courses/course_structure.php:http://www.greenliff.ch/courses/foundation_level.php]
internet,6,internet,[http://www.greenliff.ch/courses/conditions.php:http://www.greenliff.ch/docs/IstqbABsLogo.pdf]
java,6,java,[http://www.greenliff.ch/company/past_events.php]
jazoon,6,jazoon,[http://www.greenliff.ch/company/past_events.php]
lines,6,lines,[http://www.greenliff.ch/docs/Greenliff_how_to_get_here.pdf]
logo,6,logo,[http://www.greenliff.ch/company/past_events.php]
organizational,6,organizational,[http://www.greenliff.ch/courses/test_manager.php:http://www.greenliff.ch/docs/EN_flyer_manager.pdf]
pfingstweidstrasse,6,pfingstweidstrasse,[http://www.greenliff.ch/docs/Greenliff_how_to_get_here.pdf]
preise,6,preise,[http://www.greenliff.ch/courses/conditions.php:http://www.greenliff.ch/docs/IstqbABsLogo.pdf]
regelungen,6,"regelungen, regelung",[http://www.greenliff.ch/courses/conditions.php:http://www.greenliff.ch/docs/IstqbABsLogo.pdf]
solution,6,solution,[http://www.greenliff.ch/docs/Greenliff_Fast_White_Paper_v.2.1.pdf]
sotograph,6,sotograph,[http://www.greenliff.ch/products/sotograph.php]
stornierung,6,"stornierung, stornierungen",[http://www.greenliff.ch/courses/conditions.php:http://www.greenliff.ch/docs/IstqbABsLogo.pdf]
testmanager,6,"testmanager, testmanagers",[http://www.greenliff.ch/courses/test_manager.php]
ungültigen,6,"ungültigen, ungültigkeit",[http://www.greenliff.ch/courses/conditions.php:http://www.greenliff.ch/docs/IstqbABsLogo.pdf]
vitae,6,vitae,[http://www.greenliff.ch/docs/Greenliff_Job_Automation_Engineer.pdf:http://www.greenliff.ch/docs/Greenliff_Job_Telco_Tester.pdf:http://www.greenliff.ch/docs/Greenliff_Job_Web_Application_Engineer.pdf]
walk,6,walk,[http://www.greenliff.ch/docs/Greenliff_how_to_get_here.pdf]
analyze,5,analyze,[http://www.greenliff.ch/products/sotograph.php:http://www.greenliff.ch/docs/20110503_EN_ManualTester_TestAnalyst.pdf:http://www.greenliff.ch/portfolio/index.php:http://www.greenliff.ch/portfolio/test_consultancy.php]
applied,5,"applied, applying, apply",[http://www.greenliff.ch/courses/test_manager.php:http://www.greenliff.ch/docs/EN_flyer_manager.pdf:http://www.greenliff.ch/]
berufserfahrung,5,berufserfahrung,[http://www.greenliff.ch/docs/DE_flyer_6seitig.pdf]
cases,5,cases,[http://www.greenliff.ch/portfolio/test_engineering.php:http://www.greenliff.ch/docs/Greenliff_Job_Automation_Engineer.pdf:http://www.greenliff.ch/docs/Greenliff_Job_Performance_Consultant.pdf:http://www.greenliff.ch/docs/Greenliff_Job_Web_Application_Engineer.pdf]
collector,5,collector,[http://www.greenliff.ch/docs/Greenliff_Fast_White_Paper_v.2.1.pdf]
consultant,5,"consultant, consultants",[http://www.greenliff.ch/docs/Greenliff_Job_Performance_Consultant.pdf:http://www.greenliff.ch/:http://www.greenliff.ch/docs/Greenliff_Job_Telco_Tester.pdf:http://www.greenliff.ch/portfolio/financial_application_testing.php]
continuous,5,continuous,[http://www.greenliff.ch/docs/Greenliff_how_to_get_here.pdf:http://www.greenliff.ch/portfolio/test_automation.php]
coverage,5,coverage,[http://www.greenliff.ch/courses/technical_tester.php]
definition,5,definition,[http://www.greenliff.ch/docs/Greenliff_STD2012-Flyer.pdf:http://www.greenliff.ch/docs/Greenliff_Job_Performance_Consultant.pdf:http://www.greenliff.ch/docs/Greenliff_Job_Telco_Tester.pdf]
demo,5,demo,[http://www.greenliff.ch/docs/Greenliff_STD2012-Flyer.pdf:http://www.greenliff.ch/trends_in_testing/agenda.php]
download,5,download,[http://www.greenliff.ch/courses/index.php:http://www.greenliff.ch/company/location.php:http://www.greenliff.ch/contact/location.php:http://www.greenliff.ch/products/]
escher,5,escher,[http://www.greenliff.ch/docs/Greenliff_how_to_get_here.pdf]
experten,5,"experten, experte",[http://www.greenliff.ch/docs/061102_Medienmitteilung.pdf]
form,5,form,[http://www.greenliff.ch/portfolio/financial_application_testing.php:http://www.greenliff.ch/portfolio/managed_testing_services.php:http://www.greenliff.ch/portfolio/mobile_application_testing.php:http://www.greenliff.ch/portfolio/software_test_outsourcing.php:http://www.greenliff.ch/portfolio/test_automation.php]
pause,5,"pause, pausen",[http://www.greenliff.ch/docs/Greenliff_STD2012-Flyer.pdf:http://www.greenliff.ch/trends_in_testing/agenda.php]
