Meine Seiten,Links,Quelldomains
http://www.greenliff.ch/,140,35
/docs/EN_flyer_manager.pdf,118,20
/products/,25,2
/partners/,12,2
/company/events.php,10,4
/docs/EN_flyer_functional.pdf,9,4
/courses/upcoming_courses.php,7,5
/customers/,7,3
/portfolio/index.php,5,2
/impressum.php,5,2
/portfolio/test_automation.php,4,2
/jbed/,4,4
/portfolio/managed_testing_services.php,2,2
/courses/index.php,2,3
/courses/background_information.php,2,2
/portfolio/test_engineering.php,2,2
/portfolio/financial_application_testing.php,2,2
/courses/foundation_level.php,2,3
/courses/course_structure.php,2,3
/docs/Greenliff_how_to_get_here.pdf,2,3
/portfolio/mobile_application_testing.php,2,2
/docs/DE_flyer_6seitig.pdf,2,2
/courses/conditions.php,1,1
/courses/more_information.php?infos=CertifiedTester,1,2
/products/more_information.php?infos=Fast,1,2
/company/past_events.php,1,2
/docs/DE_flyer_foundation.pdf,1,1
/docs/20110503_EN_ManualTester_TestAnalyst.pdf,1,2
/portfolio/test_consultancy.php,1,2
