Zielseiten,Links
/courses/upcoming_courses.php,31
http://www.greenliff.ch/,30
/impressum.php,30
/portfolio/index.php,30
/customers/,29
/partners/,21
/products/,9
/company/jobs.php,7
/company/location.php,7
/courses/index.php,7
/company/contact.php,7
/company/past_events.php,7
/courses/course_structure.php,7
/company/request.php,7
/company/events.php,7
/portfolio/test_consultancy.php,7
/portfolio/mobile_application_testing.php,6
/portfolio/managed_testing_services.php,6
/courses/background_information.php,6
/portfolio/test_engineering.php,6
/portfolio/financial_application_testing.php,6
/portfolio/test_automation.php,4
/courses/foundation_level.php,3
/docs/Greenliff_STD2012-Flyer.pdf,2
/docs/20120713_GE_SoftwareEngineer.pdf,2
/portfolio/more_information.php?infos=TestEngineering,1
/company/jobs/test_engineer.php,1
/docs/FAST_White_Paper_v_11.pdf,1
/products/more_information.php?infos=Fast,1
/courses/more_information.php?infos=CertifiedTester,1
/docs/Greenliff_Fast_White_Paper_v.2.1.pdf,1
/docs/ProTester-Jan04-Linz-et-al.pdf,1
/docs/20110503_EN_ManualTester_TestAnalyst.pdf,1
/docs/061102_Medienmitteilung.pdf,1
/docs/DE_flyer_6seitig.pdf,1
/docs/Greenliff_how_to_get_here.pdf,1
